Ancestor,Annotator,Applications-detailed,Applications,Backdrive Friction,MatchedDevice,Matched,Claimed Properties,Continuous Force *,Cost,D1,D2,D3,D4,D5,D6,Device,Device Index,Device Model Video,DoF Types,Drive,Embedded Video,F32,F33,F74,Fabricability,Force Resolution,Friction,Full Name,Further information,HTTP Video,Human Interface,ImageLink,Images,Inertia at tip,Interaction Interface,Links (material??),Max. object stiffness (Reported) *,Max/Min Force  (Dyn. Range),Mechanism,Naming,Nominal Spatial Resolution,Notes,NumberOfDoF,Num Links-status,NumLinks,NumMotors,Num Other DoF,Num Rotational DoF,Num Translational DoF,Number of Citations,Number of Records,Obtainability,Paper Title,Paper type,Passive or Active Device,PeakForceNewton,Peak Force - Status,Peak Force - detailed,Peak Force Classification,Peak Torque (Nm) - derived,Peak Torque Classification,Pivot Field Names,Application Tag,Portability,ProductType,Qualitative tags,Refresh Rate,Repairability,Response,Robustness,To include,UX Attribute,UX Rating-2,Venue,Video Info2,Video Info,Video Link,VideoAvailable,Workspace Classification,Workspace Size *,Year,citation till Jan 2018,random,RotationalWorkspace,TranslationalWorkspace,DoFTypeIndex,ApplicationTagIndex,Application Tag,,,Device
"Y. Matsuoka and W. T. Townsend, “Design of life-size haptic environments”, Experimental Robotics VII, Rus and Singh, ed, 2001",FF,"they are able to increase user safety. 
Their demonstration allows subjects to evaluate many of the haptic
features that are required for a rich haptic environment.
Their orthogonal kinematics allow for a smooth
continuous workspace where the resisted forces can be varied freely.
 The demonstration depicts virtual geometric objects with 
both “sticky” and “non-sticky” surfaces  in a gravity-free environment.",virtual reality,,BAM'06,TRUE,,,High,-5,-5,-5,-20,-20,-20,BAM'06,24,,"Translational, Rotational",cable driven Dc motor,https://www.youtube.com/embed/6IhQnWb44zk,,,0,Low,,,CMU'06,,http://www.youtube.com/v/6IhQnWb44zk,One-handed,,https://volgadarinous.github.io/Carousel/site/index.html,,3 DoF handle,from the images it is metal,,,Serial,derived,,,6,Estimated,7,6,0,3,3,9,1,Low,Demonstration of a Large Dissipative Haptic Environment,,Active,134,Reported,"happens at r=1m, 
134N eqaul to 134Nm",Very High,0,N/A,Application tags-1,virtual reality,Medium,Research Prototype,,,Medium,,Medium,1,Fabricability,Low,HAPTICS,VibVizVideo.mp4,VibVizVideo.mp4,,No,Large,"2 cubic meter
min/max r 0.25-1 m
theta and phi -/+ 60",2006,9,,Missing,Large: > 60cm,3,a2,virtual reality,,,BAM'06
Parallel delta based,HS+FF,"dental training, medical robotics, or advanced tele-operation tasks,medical and space robotics,micro and nano manipulators, teleoperation consoles,virtual simulations,training systems, research","dental training, medical robotics, micro manipulators, teleoperation, virtual reality, training systems, research",,Omega.6,TRUE,"hand-centered,active gravity compensation,automatic calibration,velocity monitoring,electromagnetic damping",,Ask for quote,16,16,11,320,240,140,Omega.6,8,,"Translational, Rotational",Estimated,https://www.youtube.com/embed/hB0TGrpSc4o,,,0,Low,,,omega.6,,http://www.youtube.com/v/hB0TGrpSc4o,"One-handed, Bimanual",,https://volgadarinous.github.io/Carousel/site/index.html,,"a pen shaped handle
1 programmable button","8 links (with ground)( the real number is more but 
onsidering parallel, active and equal links I 
reached to 8)
 3 revolute joints (with ground) 
6 joints which has 2 DoF
 3 external Dof on the plate
Dof= 7*6-3*5-6*4+3=6",closed-loop 14.5 N/mm,,Parallel,original,"translation < 0.01 mm
rotation 0.09 deg",Force dimension Inc.,6,Estimated,11,6,0,3,3,N/A,1,High,omega.6,,Active,12,Reported,translation 12.0 N,Medium,-10,Missing,Application tags-1,dental training,High,Commercial Product,"hand-centered,active gravity compensation,automatic & driftless calibration,velocity monitoring,electromagnetic damping",refresh rate up to 4 KHz,Low,,High,1,Obtainability,High,Webpage,hapturk.mp4,hapturk.mp4,,No,Small,"translation ∅ 160 x 110 mm
rotation 240 x 140 x 320 deg",2008,40,,Large: < 360 degrees,Small: < 20cm,3,a3,dental training,,,Omega.6
Parallel delta based,HS+FF,"advanced aerospace and medical industries to enable elaborate control of dexterous robots, medical and space robotics,micro and nano manipulators, teleoperation consoles,virtual simulations,training systems, research, safety-critical applications(velocity monitoring electromagnetic damping)","medical robotics, micro manipulators, teleoperation, virtual reality, training systems, research, safety-critical applications",,Sigma.7,TRUE,"high contact force rendering,hand-centered,active gravity compensation,automatic calibration,velocity monitoring,electromagnetic damping",,Ask for quote,19,19,13,235,200,140,Sigma.7,6,,"Translational, Rotational, Other"," 6 motors + 1 kind of motor
 for active grasping (?)",https://www.youtube.com/embed/6IhQnWb44zk,,,0,Low,,,sigma.7,,http://www.youtube.com/v/6IhQnWb44zk,"One-handed, Bimanual",,https://volgadarinous.github.io/Carousel/site/index.html,,"Handle 
1 haptic programmable button
4 programmable input channels","8 links (with ground) ( the real number is more but considering  parallel, active and equal links I reached to 8)
3 revolute joints (with ground)
6 joints which has 2 DoF
3 external Dof on the plate
1 active grasping
Dof= 7*6-3*5-6*4+3+1=7",,,Parallel,original,"translation 0.0015 mm
rotation 0.013 deg
grasping 0.006 mm",Force dimension Inc.,7,Estimated,12,7,1,3,3,N/A,1,High,sigma.7,,Active,20,Reported,"translation 20.0 N
rotation 400 mNm
grasping ± 8.0 N",High,0.4,Low,Application tags-1,medical robotics,High,Commercial Product,"high contact force rendering,hand-centered,active gravity compensation,automatic & driftless calibration,velocity monitoring,electromagnetic damping",refresh rate up to 4 KHz,Low,,High,1,Robustness,High,Webpage,VibVizVideo.mp4,VibVizVideo.mp4,,No,Small,"translation:∅ 190 x 130 mm 
rotation: 235 x 140 x 200 deg 
grasping: 25 mm",2011,40,,Medium: < 240 degrees,Small: < 20cm,4,a4,medical robotics,,,Sigma.7
,GP+FF,"virtual reality that must render stiff of heavy objects, haptics research, and rehabilitation","virtual reality, research, rehabilitation",,HapticMaster,TRUE,high stiffness,,High,64,40,36,0,0,0,HapticMaster,16,,Translational,,https://www.youtube.com/embed/4OFa6MJRr58,,,0,Medium,0.01 N,,HapticMaster (ForceMaster in Japan),,http://www.youtube.com/v/4OFa6MJRr58,One-handed,,https://volgadarinous.github.io/Carousel/site/index.html,2 kg,a long graspable bar,"Three actuators are used as joints, two of them were in series, and the toehr was in perpendicular to the others",10 ~ 50 kN/m,,Serial,original,4 ~ 12 um,Moog Inc.,3,Estimated,4,3,0,0,3,296,1,Low,"The HapticMaster, a new high-performance haptic interface",1,Active,250,Reported,250 N,Very High,0,N/A,Application tags-1,virtual reality,Medium,Commercial Product,"high quality,precise",2.5 kHz,Medium,frequency response (in magnitude plot) from 1 to 25 Hz,High,1,Robustness,High,Eurohaptics,iswc16-cameraready.mp4,iswc16-cameraready.mp4,,No,Medium,"360 mm x 400 mm x 1.0 rad (in volumetric circular sector)
0.08 m^3",2002,296,,N/A: 0 degrees,Medium: < 60cm,1,a2,virtual reality,,,HapticMaster
,GP+FF,Micro-level surgical simulator or teleoperator,"teleoperation, surgical robotics, surgery",,Pen_Uwashington'95,TRUE,"low-inertia, low friction, no backlash","Planar: > 0.55 N
 Vertical:> 0.5 N",Moderate,1.5,1.5,1.37,0,0,0,Pen_Uwashington'95,3,,Translational,3 DC motors for Planar 2 DoF and 2 DC motors for vertical DoF,https://www.youtube.com/embed/6IhQnWb44zk,,,0,Medium,,,Pen_Uwashington'95,,http://www.youtube.com/v/6IhQnWb44zk,One-handed,,https://volgadarinous.github.io/Carousel/site/index.html,,Pen,Three serial linkages connected in parallel for 2DoF endpoint,,,Parallel,derived,,A paper that optimized their design for a micro-surgery force-feedback device,3,Estimated,7,5,0,0,3,205,1,Low,Pen-Based Force Display for Precision Manipulation in Virtual Environments,1,Active,1,Reported,Planar: > 1 N,Very Low,0,N/A,Application tags-1,surgical robotics,High,Research Prototype,,,Medium,,Medium,1,Portability,High,IEEE VR,iswc16-cameraready.mp4,iswc16-cameraready.mp4,,No,Very Small,"Planar: > 1.5 cm^2
 Vertical: >1.37 cm",1995,205,,N/A: 0 degrees,Very Small: < 6cm,1,a5,surgical robotics,,,Pen_Uwashington'95
,FF,"with applications towards robot-assisted minimally invasive surgery.
can also be used in other areas such as the automotive industry,
 gaming industry, rehabilitation aid for people with finger,
 hand, and/or forearm injuries, etc.","surgery, automotive industry, gaming industry, rehabilitation, minimally invasive surgery",,UDrexel'06,TRUE,,"40N in X,Y and Z directions.
12.5N of force at the tip of the thimbles (grasping).",Moderate,19.05,19.05,11.43,180,70,20,UDrexel'06,23,,"Translational, Rotational, Other","cable driven dc motors 
(RE40 and RE36 manufactured by 
Maxon Motors)",https://www.youtube.com/embed/hB0TGrpSc4o,,,0,Low,,,UDrexel'06,,http://www.youtube.com/v/hB0TGrpSc4o,One-handed,,https://volgadarinous.github.io/Carousel/site/index.html,,two thimbles,,,,Hybrid,derived,,,7,Estimated,7,7,1,3,3,7,1,Low,Design and Development of a General Purpose 7 DOF Haptic Device,,Active,40,Reported,,High,0,N/A,Application tags-2,surgery,Medium,Research Prototype,,,Medium,,Medium,1,Fabricability,Low,HAPTICS,hapturk.mp4,hapturk.mp4,,No,Small,"0.0041 cubic meters
 (approximately 0.1905m
 wide by 0.1905m deep by
0.1143m high)",2006,7,,Medium: < 240 degrees,Small: < 20cm,4,a6,surgery,,,UDrexel'06
UTokyo'09,"FF,HS",,,,NONE,,,,,34,34,,,,,Utokyo'11,40,,Translational,,,,,0,Medium,,1,UTokyo'11,,,One-handed,,https://volgadarinous.github.io/Carousel/site/index.html,,,,,,Serial,derived,,,2,Estimated,2,2,0,0,2,2,1,Low,System development of an admittance-controlled 2-dof haptic device using electrostatic motors,,Active,7,,,,,,Application tags-1,virtual reality,Medium,Research Prototype,,,High,,Low,1,Repairability,High,HAPTICS,,,,No,Small,,2011,2,,N/A: 0 degrees,Medium: < 60cm,1,a2,virtual reality,,,Utokyo'11
,GP+FF,,virtual reality,,NONE,FALSE,light weight,3 N,High,52.1,40,37,270,250,120,Virtuose 6D Desktop,14,,"Translational, Rotational",Three DC motors,https://www.youtube.com/embed/hB0TGrpSc4o,,,1,Medium,,,Virtuose 3D Desktop,,http://www.youtube.com/v/hB0TGrpSc4o,One-handed,,https://volgadarinous.github.io/Carousel/site/index.html,150 g,a metallic bar-type grip (provides an adaptor with a standard 1/8th inch axis),,1000 N/m,,Serial,original,translation 0.01 mm,Haption Inc.,6,Estimated,9,3,0,3,3,N/A,1,High,Virtuose 6D Desktop,-,Active,10,Reported,10 N,Medium,-20,Missing,Application tags-1,teleoperation,High,Commercial Product,customizable,,Low,,High,1,Obtainability,High,Webpage,hapturk.mp4,hapturk.mp4,https://drive.google.com/file/d/1OWD0YfwmFuG-xSxJGqe-7WU1pfpZhNsQ/view,No,Medium,"translation 521x370x400 mm
rotation 270x120x250 degree",2007,40,,Large: < 360 degrees,Medium: < 60cm,3,a7,teleoperation,,,Virtuose 6D Desktop
delta-based,HS+FF,"virtual reality theaters, medical and space robotics,micro and nano manipulators, teleoperation consoles,virtual simulations,training systems, research","virtual reality, medical robotics, space robotics, micro manipulators, teleoperation, virtual simulations, training systems, research",,Delta.3,TRUE,"gravity compensation,automatic calibration,velocity monitoring,electromagnetic damping",,Ask for quote,40,40,26,0,0,0,Delta.3,10,https://drive.google.com/file/d/1zc9-0lsx_0W8j0bJv5aRRYYyUaA2fW9_/view,Translational,3 motors,https://www.youtube.com/embed/4OFa6MJRr58,,,1,Medium,,,delta.3,,http://www.youtube.com/v/4OFa6MJRr58,One-handed,,https://volgadarinous.github.io/Carousel/site/index.html,,"a spherical handle
1 programmable button","8 links (with ground) ( the real number is more but considering  parallel, active and equal links I reached to 8)
3 revolute joints (with ground)
6 joints which has 2 DoF
Dof= 7*6-3*5-6*4=3",,,Parallel,original,translation 0.02 mm,Force dimension Inc.,3,Estimated,8,3,0,0,3,N/A,1,High,delta.3,,Active,20,Reported,translation 20.0 N,High,0,N/A,Application tags-1,virtual reality,High,Commercial Product,"gravity compensation,automatic & driftless calibration,velocity monitoring,electromagnetic damping",refresh rate up to 4 KHz,Low,,High,1,Obtainability,High,Webpage,iswc16-cameraready.mp4,iswc16-cameraready.mp4,https://drive.google.com/file/d/1zc9-0lsx_0W8j0bJv5aRRYYyUaA2fW9_/view,Yes,Medium,translation ∅ 400 x 260 mm,2009,40,,N/A: 0 degrees,Medium: < 60cm,1,a2,virtual reality,,,Delta.3
,GP or HS? +FF,Teleoperation with a remote robot,"teleoperation, virtual reality, space robotics, surgical robotics",,Freedom6S,TRUE,"low friction, high spatial resolution","Translational: 0.6 N
Rotational: 80 mN m",Moderate,24,22,22,320,100,100,Freedom6S,5,,"Translational, Rotational",Three DC motors for translation and three distal DC motors for rotation,https://www.youtube.com/embed/hB0TGrpSc4o,,,0,Low,"Tran: 1.5 mN
Rot: 0.1 mN m","Translational: 0.6N
Rotational: 0.02 Nm",Freedom6S,,http://www.youtube.com/v/hB0TGrpSc4o,One-handed,,https://volgadarinous.github.io/Carousel/site/index.html,"200 g (Motor 0)
100 g (Motor 1, 2)",A rigid and long stick (handle),Polymer linkage with 8 joints,700 N/m,,Hybrid,original,"Translation: 20um
Rotational: 0.005 rad",MPB technologies Inc.,6,Estimated,7,6,0,3,3,19,1,Low,Freedom 6S Force Feedback Hand Controller,1,Active,2.5,Reported,"Translational: 2.5 N (50s)
Rotational: 125 mN m (30s)",Low,0.125,Low,Application tags-1,teleoperation,Medium,Commercial Product,,,Low,,Medium,1,Fabricability,Low,IFAC Volumes,hapturk.mp4,hapturk.mp4,,No,Medium,"Elliptical 22 x 24 x 22 cm
Distal 100, 100, and 320 degrees for pitch , yaw, and roll",1998,19,,Large: < 360 degrees,Medium: < 60cm,3,a7,teleoperation,,,Freedom6S
delta-based,HS+FF,"medical and space robotics,micro and nano manipulators, teleoperation consoles,virtual simulations,training systems, research","virtual reality, medical robotics, space robotics, micro manipulators, teleoperation, training systems, research",,Delta.6,TRUE,"hand-centered,gravity compensation,automatic calibration,velocity monitoring,electromagnetic damping",,Ask for quote,40,40,26,44,44,44,Delta.6,11,,"Translational, Rotational",6 motors,https://www.youtube.com/embed/hB0TGrpSc4o,,,0,Low,,,delta.6,,http://www.youtube.com/v/hB0TGrpSc4o,One-handed,,https://volgadarinous.github.io/Carousel/site/index.html,,"a knob-like handle
1 programmable button","8 links (with ground) ( the real number is more but considering  parallel, active and equal links I reached to 8)
3 revolute joints (with ground)
6 joints which has 2 DoF
3 external Dof on the plate
Dof= 7*6-3*5-6*4+3=6",,,Parallel,original,"translation 0.02 mm 
rotation < 0.04 deg",Force dimension Inc.,6,Estimated,15,6,0,3,3,N/A,1,High,delta.6,,Active,20,Reported,"translation 20.0 N 
rotation 150 mNm",High,0.15,Low,Application tags-1,medical robotics,High,Commercial Product,"hand-centered,gravity compensation,automatic & driftless calibration,velocity monitoring,electromagnetic damping",refresh rate up to 4 KHz,Low,,High,1,Repairability,Low,Webpage,hapturk.mp4,hapturk.mp4,,No,Medium,"translation ∅ 400 x 260 mm
rotation ± 22 deg",2009,40,,Small: < 120 degrees,Medium: < 60cm,3,a4,medical robotics,,,Delta.6
Omega,GH,A specification page in the website,,,NONE,,,,Cheap,10,10,10,0,0,0,Falcon,33,,Translational,,https://www.youtube.com/embed/6IhQnWb44zk,,,0,Low,,,Falcon,,http://www.youtube.com/v/6IhQnWb44zk,One-handed,,https://volgadarinous.github.io/Carousel/site/index.html,,a spherical handle,three metal links,,,Parallel,original,0.625 mm (160 counts per cm),Novint Inc,3,Reported,9,3,0,0,3,N/A,1,High,Falcon,,Active,9,Reported,9 N,Medium,0,N/A,Application tags-1,None,High,Commercial Product,,,Low,,High,1,Portability,High,Webpage,iswc16-cameraready.mp4,iswc16-cameraready.mp4,,No,Small,100 x 100 x 100 mm,2007,40,,N/A: 0 degrees,Small: < 20cm,1,a1,None,,,Falcon
Parallel delta based,HS+FF,"medical and space robotics,micro and nano manipulators, teleoperation consoles,virtual simulations,training systems, research","medical robotics, micro manipulators, teleoperation, virtual reality, training systems, research",,Omega.3,TRUE,"active gravity compensation,automatic calibration, velocity monitoring,
electromagnetic damping",,Ask for quote,16,16,11,0,0,0,Omega.3,7,,Translational,Estimated,https://www.youtube.com/embed/4OFa6MJRr58,,,1,Medium,,,omega.3,,http://www.youtube.com/v/4OFa6MJRr58,One-handed,,https://volgadarinous.github.io/Carousel/site/index.html,,"a spherical handle
1 programmable button",anodized aluminum frame,closed-loop 14.5 N/mm,,Parallel,original,translation < 0.01 mm,Force dimension Inc.,3,estimate,8,3,0,0,3,N/A,1,High,omega.3,,Active,12,Reported,translation 12.0 N,Medium,0,N/A,Application tags-1,medical robotics,High,Commercial Product,"active gravity compensation,automatic & driftless calibration, velocity monitoring,
electromagnetic damping",refresh rate up to 4 KHz,Low,,High,1,Portability,High,Webpage,hapturk.mp4,hapturk.mp4,https://drive.google.com/file/d/17iI4YijS61dkoBex2A-l4LlmGkWIjGxg/view,No,Small,translation: ∅ 160 x 110 mm,2007,40,,N/A: 0 degrees,Small: < 20cm,1,a4,medical robotics,,,Omega.3
DELTA,GP+FF,virtual sphere was displayed using a simple spring model (K = 1.0 N/mm) and a trajectory of the end-effector was measured.,,,NONE,,"small footprint, redundant actuation, hand-centered,","50 N (Translation)
0.7 Nm (Rotation)",High,50,50,20,160,160,160,DELTA-4,12,,"Translational, Rotational",Four direct AC servo motors installed in a base plate,https://www.youtube.com/embed/6IhQnWb44zk,,,0,Medium,,,DELTA-4,A haptic device DELTA-4: Kinematics and its analysis,http://www.youtube.com/v/6IhQnWb44zk,"One-handed, Bimanual",,https://volgadarinous.github.io/Carousel/site/index.html,"3 N (from a free-hand motion test, with approximately 150 mm/sec speed)",a metal grasping unit with 3 DoF rotation mechanism and 1 DoF grasping mechanism,Two arms are connected in parallel and each arm has two actuators connected in parallel,"7.03, 6.10, 6.54 N/mm (X, Y, Z)",,Parallel,original,"Linear 0.01mm
Angular 0.01 deg",,6,Estimated,11,7,0,3,3,22,1,Low,Development of a haptic device “DELTA-4” using parallel link mechanism,1,Active,50,Estimated,,Very High,0.7,Low,Application tags-1,None,Medium,Research Prototype,gravity compensation,1 kHz,Low,,Medium,1,Obtainability,Low,ICRA,VibVizVideo.mp4,VibVizVideo.mp4,,No,Medium,"translation φ500 × L200 mm
rotation ±80×±80×±80 deg",2009,22,,Medium: < 240 degrees,Medium: < 60cm,3,a1,None,,,DELTA-4
Rice haptic paddle,GH,"A friction drive required a larger motor spool which made reduced inertia compared to the capstan drive
Showed high stiffness with high damping and it guarantees the stabilizing effect on virtual environments with low virtual damping.",education,,Haptic Paddle,TRUE,,,Cheap,-5,0,0,0,0,0,Haptic Paddle,31,,Translational,Pittman 9434 15.1 V DC motor,https://www.youtube.com/embed/4OFa6MJRr58,,,1,High,,,haptic paddle,,http://www.youtube.com/v/4OFa6MJRr58,One-handed,,https://volgadarinous.github.io/Carousel/site/index.html,,a donut-shaped handle,friction drives,"In rotational unit: 15 Nm/rad
Linear unit: 3500 N/m",,Serial,original,12 bits,,1,Estimated,2,1,0,0,1,8,1,Low,Design and Characterization of a Haptic Paddle for Dynamics Education,1,Active,-20,Missing,,Missing,0,N/A,Application tags-1,education,High,Research Prototype,"affordable,high stiffness,high damping,low virtual damping,stability",1 kHz,High,,Medium,1,Portability,High,HAPTICS,hapturk.mp4,hapturk.mp4,https://drive.google.com/file/d/1HuvsxWwc8pPi4-4tf8nOcLt--uAfkSph/view,No,Small,No report,2014,8,,N/A: 0 degrees,Small: < 20cm,1,a8,education,,,Haptic Paddle
ETHZ haptic paddle,GH,This paper mainly focused on the teaching evaluation using the haptic paddle.,education,,ETHZ Haptic Paddle,TRUE,,,Cheap,-5,0,0,0,0,0,ETHZ Haptic Paddle,32,,Translational,"Maxon brushed DC motor, RE 25 339156",https://www.youtube.com/embed/hB0TGrpSc4o,,,0,High,,,ETHZ haptic paddle,,http://www.youtube.com/v/hB0TGrpSc4o,One-handed,,https://volgadarinous.github.io/Carousel/site/index.html,,a donut-shaped handle,capstan/cable transmission,,,Serial,original,,,1,Estimated,2,1,0,0,1,17,1,Low,Physical student–robot interaction with the ETHZ Haptic Paddle,2,Active,-20,Missing,,Missing,0,N/A,Application tags-1,education,High,Research Prototype,stability,500 Hz,High,,High,1,Fabricability,High,IEEE Transactions on Education,hapturk.mp4,hapturk.mp4,,No,Missing,No report,2013,17,,N/A: 0 degrees,Missing,1,a8,education,,,ETHZ Haptic Paddle
,GP,,rehabilitation,,Theradrive,TRUE,low-cost,,,0,0,0,270,0,0,Theradrive,20,,Rotational,a 2-pole brushed DC motor,https://www.youtube.com/embed/hB0TGrpSc4o,,,0,Medium,609 N (45 Nm),,Theradrive (Modified Logitec Wheel),,http://www.youtube.com/v/hB0TGrpSc4o,Bimanual,,https://volgadarinous.github.io/Carousel/site/index.html,144N/cm,Driving wheel,Crank handle,,,Serial,original,0.3125 mm (calculated from 32 counts per cm),,1,Estimated,1,1,0,1,0,11,1,Low,Design and Development of an Affordable Haptic Robot with Force Feedback and Compliant Actuation to Improve Therapy for Patients with Severe Hemiparesis,3,Active,222,Reported,,Very High,45,Very High,Application tags-1,rehabilitation,Low,Research Prototype,customizable,1 kHz,Medium,,Medium,1,Obtainability,Low,IEEE Transactions on Haptics,hapturk.mp4,hapturk.mp4,,No,Large,270-degree circular arc with a darius of 200 mm,2014,11,,Large: < 360 degrees,N/A: 0cm,2,a9,rehabilitation,,,Theradrive
"Haptic Paddle
(first developed at 
Stanford University 
and now under further
 development at 
Johns Hopkins University)",FF,#NAME?,"research, teleoperation, synthesizer keyboard, education",,iTouch Motor,TRUE,"low-cost, easy-to-build",,Very Cheap,0,0,0,30,0,0,iTouch Motor,21,,Rotational,"they build their
 own motor 
(iTouch motor)",https://www.youtube.com/embed/6IhQnWb44zk,,,0,High,,,iTouch Motor,,http://www.youtube.com/v/6IhQnWb44zk,One-handed,,https://volgadarinous.github.io/Carousel/site/index.html,,"users generally rest
 their wrist on the 
housing/magnet assembly
 and extend their fingers
 to rest on the end of the 
crescent-shaped handle","crescent-shaped handle
 laser-cut Plexiglas",, Max torque 0.202 Nm,Serial,original,,,1,Estimated,2,1,0,1,0,53,1,Low,Haptic interface for hands on instruction in system dynamics and embedded control,,Active,0,Reported,,N/A,0.202,Low,Application tags-1,research,High,Research Prototype,,,High,between 0.5 and 20 Hz,Medium,1,Portability,High,HAPTICS,iswc16-cameraready.mp4,iswc16-cameraready.mp4,,No,N/A,30  degrees,2003,53,,Small: < 120 degrees,N/A: 0cm,2,b1,research,,,iTouch Motor
,FF,#NAME?,rehabilitation,,The Box,TRUE,"low-cost, robust, easy-to-build",5.4 Nm torque,Cheap,0,0,0,360,0,0,The Box,22,,Rotational,"RE35 35mm
diameter brushed 
Maxon motor
 rated at 90 Watts.
pair of Berg sprocket 
gears and a cable-chain",https://www.youtube.com/embed/4OFa6MJRr58,,,0,High,,,The Box,,http://www.youtube.com/v/4OFa6MJRr58,One-handed,,https://volgadarinous.github.io/Carousel/site/index.html,,Knob," Plexiglas, wood",,,Serial,original,,,1,Estimated,1,1,0,1,0,53,1,Low,Haptic interface for hands on instruction in system dynamics and embedded control,,Active,0,Reported,,N/A,5.4,Medium,Application tags-2,rehabilitation,High,Research Prototype,,,High,,Medium,1,Portability,High,HAPTICS,hapturk.mp4,hapturk.mp4,,No,N/A,,2003,53,,Large: < 360 degrees,N/A: 0cm,2,a9,rehabilitation,,,The Box
,GP+FF,a force-feedback controller for the telemanipulation from earth to the device in space,"space robotics, teleoperation",,Rjo,TRUE,,,High,10.31,10.31,0,0,0,0,Rjo,17,,Translational,"two brushless DC motors, one in each axis",https://www.youtube.com/embed/hB0TGrpSc4o,,,0,Medium,,,Raumfahrttauglicher Joystick,,http://www.youtube.com/v/hB0TGrpSc4o,One-handed,,https://volgadarinous.github.io/Carousel/site/index.html,,a graspable joystic,"made out of aluminium and provide an electrically
 conductive surface (electroless nickel coating)",1.57 Nm/rad,,Serial,original,,DLR force feedback joystick,2,Estimated,2,2,0,0,2,4,1,Low,KONTUR-2 MISSION: THE DLR FORCE FEEDBACK JOYSTICK FOR SPACE TELEMANIPULATION FROM THE ISS,2,Active,15,Reported,15 N,Medium,2.25,Medium,Application tags-1,space robotics,Medium,Research Prototype,,1 kHz,Medium,,High,1,Robustness,High,IROS,hapturk.mp4,hapturk.mp4,,No,Medium,±20 deg on each axis,2016,4,,N/A: 0 degrees,Medium: < 60cm,1,b2,space robotics,,,Rjo
,GP,rehabilitation for patients,rehabilitation,,MOTORE,TRUE,,,,108,72,0,0,0,0,MOTORE,19,,Translational,Three DC motors,https://www.youtube.com/embed/4OFa6MJRr58,,,0,Medium,,,MObile roboT for upper limb neurOrtho Rehabilitation,,http://www.youtube.com/v/4OFa6MJRr58,One-handed,,https://volgadarinous.github.io/Carousel/site/index.html,0.1086825 kg m^2, a circular handle on the arm support,,1 kN/m,,Other,original,0.03 mm,,2,Estimated,2,3,0,0,2,4,1,Low,Portable Haptic Interface with Omni-Directional Movement and Force Capability,1,Active,15,Reported,15N,Medium,0,N/A,Application tags-1,rehabilitation,High,Research Prototype,"portable,lightweight",10 kHz,Medium,,Medium,1,Portability,High,IEEE Transactions on Haptics,hapturk.mp4,hapturk.mp4,,No,Large,"Not limited for its mobility
(In experiment, 1080x720mm)",2014,4,,N/A: 0 degrees,Large: > 60cm,1,a9,rehabilitation,,,MOTORE
,GP+FF,"teleoperation, virtual reality",virtual reality,,Virtuose 3D,TRUE,"hand-centered, safe, high stiffness",11 - 18 N (by directions),High,92,49,42,0,0,0,Virtuose 3D,15,,"Translational, Rotational",Three brushless DC motors,https://www.youtube.com/embed/6IhQnWb44zk,,,1,Medium,0.4 N,0.3 - 0.6 N (by directions),Virtuose 3D,,http://www.youtube.com/v/6IhQnWb44zk,One-handed,,https://volgadarinous.github.io/Carousel/site/index.html,,a metallic bar-type grip,"Structure: Decoupled actuation scheme with mobile motors (DMM)
Linkage: aluminum with linear mass of 150 g/m","electrical: 2350 - 6000 N/m (by directions)
mechanical: 3650 - 7500 N/m (by directions)",,Serial,original,,,6,Estimated,7,3,0,3,3,8,1,High,Design of VIRTUOSE 3D: a new haptic interface for teleoperation and virtual reality,1 (mainly 2),Active,55,Reported,34 - 55 N (by directions),High,0,N/A,Application tags-2,virtual reality,Low,Research Prototype,intrinsically safe,,Low,,High,1,Repairability,Low,ICRA,VibVizVideo.mp4,VibVizVideo.mp4,https://drive.google.com/file/d/1DujwrA1Sp5wnFaEZuv8NPn6tTzxglz4J/view,No,Large,"total: 420x490x920 mm
useful: 300x300x300 mm",2001,8,,N/A: 0 degrees,Large: > 60cm,3,a2,virtual reality,,,Virtuose 3D
SPIDAR-G,GP+FF,a virtual sphere and a pointer were controlled using SPIDAR-G&G to get match to compare the performance between uni-/bi-manual tasks and with/without haptic feedback,teleopertion,,NONE,FALSE,bimanual,,,20,20,20,0,0,0,SPIDAR-G&G,13,,"Translational, Rotational",Three motors for rotary module,https://www.youtube.com/embed/4OFa6MJRr58,,,0,High,,,SPIDAR-G&G,A haptic interface for two-handed 6DOF manipulation-SPIDAR-G&G system,http://www.youtube.com/v/4OFa6MJRr58,Bimanual,,https://volgadarinous.github.io/Carousel/site/index.html,,a spherical grip of which size ∅ 3.25 cm,Tensile (inextensible thread/cable),,,Wire,original,,,6,Reported,1,8,0,3,3,82,1,Low,SPIDAR G&G: A Two-Handed Haptic Interface for Bimanual VR Interaction,3,Active,-20,Missing,,Missing,-20,Missing,Application tags-1,virtual reality,Medium,Research Prototype,,1 kHz,High,,Low,1,Fabricability,High,Eurohaptics,iswc16-cameraready.mp4,iswc16-cameraready.mp4,,No,Medium,200 x 200 x 200 mm,2004,82,,N/A: 0 degrees,Medium: < 60cm,3,a2,virtual reality,,,SPIDAR-G&G
,,same as above,,,NONE,,high stiffness,max 60 N,High,84,84,84,0,0,0,3DoF MD^2,26,,Translational,"high-frequency motor cable transmission, assume",https://www.youtube.com/embed/hB0TGrpSc4o,,,1,Low,,,3DoF MD^2,,http://www.youtube.com/v/hB0TGrpSc4o,One-handed,,https://volgadarinous.github.io/Carousel/site/index.html,,a spherical handle,4 metal link,57  N/mm,,Serial,original,,,3,Reported,4,3,0,0,3,20,1,Low,Large Workspace Haptic Devices A New Actuation Approach,,Active,60,Reported,,Very High,0,N/A,Application tags-1,None,Medium,Research Prototype,"high stiffness,high force,low output impedance",,Medium,,Medium,1,Fabricability,Low,HAPTICS,hapturk.mp4,hapturk.mp4,https://drive.google.com/file/d/1c04CknE7fRRnU8c51V-UVa_1mTdM7O07/view,No,Large,0.6 cubic meters),2008,20,,N/A: 0 degrees,Large: > 60cm,1,a1,None,,,3DoF MD^2
,GP+FF,,"surgery, teleoperation, virtual reality, minimally invasive surgery",,Pantoscope,TRUE,,2.5 Nm (Torque),Cheap,20,7,0,0,0,0,Pantoscope,4,,Translational,"Two iron-free motors on a parallel drive, therefore four motors for the entire system",https://www.youtube.com/embed/4OFa6MJRr58,,,0,Medium,,5 mNm,Pantoscope,,http://www.youtube.com/v/4OFa6MJRr58,One-handed,,https://volgadarinous.github.io/Carousel/site/index.html,,Laparoscopic tools,Aluminum linkage,,,Parallel,original,,For a laparoscopic surgery simulator,2,Reported,10,4,0,0,2,82,1,Low,The Pantoscope: A Spherical Remote-Center-of-Motion Parallel Manipulator for Force Reflection,2,Active,3.57,Reported,,Low,2.5,Medium,Application tags-1,surgery,High,Research Prototype,"low inertia,low friction,no backlash,high stiffness,backdriveability",,Medium,Lowest natural frequency of  50Hz,Medium,1,Portability,High,ICRA,hapturk.mp4,hapturk.mp4,,No,Small,"60 degress of opening angle, 200 mm radius, 70 mm height",1997,82,,N/A: 0 degrees,Small: < 20cm,1,a6,surgery,,,Pantoscope
,GP+HS+FF,,virtual reality,,PANTOGRAPH'94,TRUE,"compact, easy-to-build",,Cheap,16,10,0,0,0,0,PANTOGRAPH'94,2,https://drive.google.com/file/d/1bREj0OQ1bo0PwF7N1TpC3zVpZXcNUiHu/view,Translational,2 DC motors in base,https://www.youtube.com/embed/hB0TGrpSc4o,,,1,High,,,PANTOGRAPH,The PANTOGRAPH: a Large Workspace Haptic Device for a Multi-Modal Human-Computer Interaction,http://www.youtube.com/v/hB0TGrpSc4o,One-handed,,https://volgadarinous.github.io/Carousel/site/index.html,??Closest to a fraction of gram over 0.01m2 workspace,Knob,Five-bar metallic linkage,,± 3 db open loop,Parallel,original,,"A paper of describing how to design the device, so no specified characteristics are written in this paper.",2,Reported,5,2,0,0,2,148,1,Low,Design and Multi-Objective Optimization of a Linkage for a Haptic Interface,2,Active,10,Reported,10 N,Medium,0,N/A,Application tags-1,virtual reality,High,Research Prototype,ergonomic,,High,3 dB : open-loop response of torque to acceleration,Medium,1,Fabricability,High,Advances in Robot Kinematics & Computational Geometry,hapturk.mp4,hapturk.mp4,https://drive.google.com/file/d/1bREj0OQ1bo0PwF7N1TpC3zVpZXcNUiHu/view,Yes,Small,10 x 16 cm,1994,148,,N/A: 0 degrees,Small: < 20cm,1,a2,virtual reality,,,PANTOGRAPH'94
,FF,,"virtual reality, education",,Haplet_Haply,TRUE,"low-cost, compact, open source",,Cheap,-5,-5,0,0,0,0,Haplet_Haply,28,,Translational,ESCAP 16 coreless DC motors,https://www.youtube.com/embed/4OFa6MJRr58,,,0,High,,,Haplet/Haply,"7 citations,
other info source: Gallacher, C.Transparent navigation with impedance type haptic devices. Master’s thesis, McGill University, 2016. Department ofMechanical Engineering; Applied Dynamics Group",http://www.youtube.com/v/4OFa6MJRr58,Finger,,https://volgadarinous.github.io/Carousel/site/index.html,,small handle that you put your finger on it and move it,five-bar linkage made of plexiglas,,"8 N in the central
 region of workspace",Parallel,original,"joint rotation resolution 
of approximately 0.0259◦",,2,Reported,5,-1,0,0,2,7,1,Low,Toward Open-Source Portable Haptic Displays with Visual-Force-Tactile Feedback Colocation,,Active,8,Reported,,Medium,0,N/A,Application tags-1,virtual reality,High,Research Prototype,,,High,,Low,1,Portability,High,HAPTICS,hapturk.mp4,hapturk.mp4,,No,Missing,?,2016,7,,N/A: 0 degrees,Missing,1,a2,virtual reality,,,Haplet_Haply
,FF,"They presented the DM2 actuation method in the
 context of a large workspace haptic device.Their
 results showthe effectiveness of the approach, 
demonstrating high overall stiffness, high force
 capability and low output impedance, all within
 a large workspace.",,,NONE,,high stiffness,max 30 N,High,84,84,0,0,0,0,2DoF MD^2,25,,Translational,"high-frequency motor cable transmission, assume",https://www.youtube.com/embed/4OFa6MJRr58,,,1,Low,,,2DoF MD^2,,http://www.youtube.com/v/4OFa6MJRr58,One-handed,,https://volgadarinous.github.io/Carousel/site/index.html,,handle,3 metal link,12 N/mm,,Serial,original,,,2,Reported,3,2,0,0,2,20,1,Low,Large Workspace Haptic Devices A New Actuation Approach,,Active,30,Reported,,High,0,N/A,Application tags-1,None,Medium,Research Prototype,"high stiffness,high force,low output impedance",,Medium,,Medium,1,Fabricability,Low,HAPTICS,iswc16-cameraready.mp4,iswc16-cameraready.mp4,https://drive.google.com/file/d/10ymjP40NIsMsozG7iwFEIeZeDINM6k1_/view,No,Large,0.6 cubic meters),2008,20,,N/A: 0 degrees,Large: > 60cm,1,a1,None,,,2DoF MD^2
,FF,ankle and bal- ance rehabilitation.(training of ankle range of motion exercise in sitting and standing positions and also weight shifting and balance training in standing position),"rehabilitation, training research, virtual reality",,NUVABAT,TRUE,"low-cost, compact",,Cheap,0,0,0,90,24,0,NUVABAT,27,,Rotational,,https://www.youtube.com/embed/6IhQnWb44zk,,,0,Medium,,,The Northeastern University Virtual Ankle and Balance Trainer (NUVABAT),15 citations,http://www.youtube.com/v/6IhQnWb44zk,Foot,,https://volgadarinous.github.io/Carousel/site/index.html,," a small 2 DOF moveable (pedal-like)
platform housed within
 a larger stable platform.","Aluminium,wood",,"0.25-15 Nm on pitch
0.25-6 Nm on roll",Serial,original,,,2,Estimated,3,2,0,2,0,15,1,Low,NUVABAT: Northeastern university virtual ankle and balance trainer,,Passive,0,Reported,,N/A,15,Very High,Application tags-1,rehabilitation,Medium,Research Prototype,,,Medium,,Medium,1,Obtainability,Low,HAPTICS,VibVizVideo.mp4,VibVizVideo.mp4,,No,Small,,2010,15,,Small: < 120 degrees,N/A: 0cm,2,a9,rehabilitation,,,NUVABAT
BAM'06,GH,"their main purpose is to design a transparent force controller for passive haptic device as active hatpic devices do. 
they made friction models for MR brakes to compensate the poor performance of them.",rehabilitation,,BAM'10,TRUE,,,Moderate,-5,-5,0,0,0,0,BAM'10,29,,Translational,Magneto-rheological (MR) brakes (Placid Industry B15) for two axes and a small geard motor (Faulhaber series 3257) to compensate gravity to the linear axis,https://www.youtube.com/embed/hB0TGrpSc4o,,,0,Low,,Coulomb Friction Coefficient: 0.704,BAM (Brake Actuated Manipulator),,http://www.youtube.com/v/hB0TGrpSc4o,One-handed,,https://volgadarinous.github.io/Carousel/site/index.html,3.56 kg,a metal bar connected to a crane-like metal linkage,"revolute axis: metal linkage
linear axis: belt-driven",,,Serial,original,0.07 rad (extracted from a referenced paper),,2,Estimated,7,3,0,0,2,0,1,Low,Interaction control for a brake actuated manipulator,1,Passive,200,Reported,,Large,0,N/A,Application tags-1,rehabilitation,Low,Research Prototype,gravity compensation,1 kHz,Medium,,High,1,Robustness,High,HAPTICS,hapturk.mp4,hapturk.mp4,,No,Large,2 cubic meters,2010,0,,N/A: 0 degrees,Large: > 60cm,1,a9,rehabilitation,,,BAM'10
,GP+HS+FF,"teleoperation, virtual reality","virtual reality, teleoperation",0.1 Nt,PHANToM'94,TRUE,"low-cost, easy-to-use",1.5 N,Ask for quote,25,17,8,0,0,0,PHANToM'94,1,https://drive.google.com/file/d/1p_ZKQEhLPMvWMN8ZW1C5h9wyjTUx3w9x/view,Translational,Cable; 3 DC motors in base,https://www.youtube.com/embed/4OFa6MJRr58,,,1,Medium,12 bit,,PHANToM,,http://www.youtube.com/v/4OFa6MJRr58,Finger,,https://volgadarinous.github.io/Carousel/site/index.html,< 100 gm,Thimble-gimbal,"Aluminum based rigid link
(6 links, 5 revolute joints and 2 rolling joints  5*3-5*2-2*1= 3 DoF)",35 Nt/cm,100:01:00,Hybrid,original,400 dpi,Easy to get these because they are well described in a table,3,Estimated,6,3,0,0,3,1793,1,Medium,The PHANToM Haptic Interface: A Device for Probing Virtual Objects,1,Active,10,Reported,10 N,Medium,0,N/A,Application tags-1,teleoperation,High,Research Prototype,"convenient,affordable,force-reflecting,hand-centered, statistically balanced",,Medium,,Medium,1,Portability,High,HAPTICS,hapturk.mp4,hapturk.mp4,https://drive.google.com/file/d/1p_ZKQEhLPMvWMN8ZW1C5h9wyjTUx3w9x/view,Yes,Medium,8 x 17 x 25 cm,1994,1793,,N/A: 0 degrees,Medium: < 60cm,1,a7,teleoperation,,,PHANToM'94
delta-based,HS+FF,"aerospace and medical industries by operators in charge of dexterous robots, medical and space robotics,micro and nano manipulators, teleoperation consoles,virtual simulations,training systems, research","medical robotics, space robotics, micro manipulators, teleoperation, virtual reality, training systems, research",,Omega.7,TRUE,"hand-centered,gravity compensation,automatic calibration,velocity monitoring,electromagnetic damping",,Ask for quote,16,16,11,240,180,170,Omega.7,9,,"Translational, Rotational, Other",Estimated,https://www.youtube.com/embed/6IhQnWb44zk,,,0,Low,,,omega.7,,http://www.youtube.com/v/6IhQnWb44zk,"One-handed, Bimanual",,https://volgadarinous.github.io/Carousel/site/index.html,,"a finger timble + a cylindrical handle 
1 programmable button",the same as above plus 1 active grasping,closed-loop 14.5 N/mm,,Parallel,original,"translation < 0.01 mm
rotation 0.09 deg
grasping 0.006 mm",Force dimension Inc.,7,Estimated,12,7,1,3,3,N/A,1,High,omega.7,,Active,12,Reported,"translation 12.0 N
grasping ± 8.0 N",Medium,-10,Missing,Application tags-1,medical robotics,High,Commercial Product,"hand-centered,gravity compensation,automatic & driftless calibration,velocity monitoring,electromagnetic damping",refresh rate up to 4 KHz,Low,,High,1,Portability,High,Webpage,iswc16-cameraready.mp4,iswc16-cameraready.mp4,,No,Small,"translation ∅ 160 x 110 mm
rotation 240 x 140 x 180 deg
grasping 25 mm",2008,40,,Large: < 360 degrees,Small: < 20cm,4,a4,medical robotics,,,Omega.7
,"FF,HS",,,,NONE,,,,,0,0,0,360,,,ScrewInsertion_JHU'10,39,,Rotational,,,,,0,High,,,ScrewInsertion_JHU'10,,,One-handed,,https://volgadarinous.github.io/Carousel/site/index.html,,,,,,Serial,derived,,,1,Estimated,2,1,0,1,0,8,1,Low,Design of a haptic simulator for osteosynthesis screw insertion,,Active,,,,,0.92,,Application tags-1,surgical robotics,High,Research Prototype,,,High,,Medium,1,Fabricability,High,HAPTICS,,,,No,TBD,,2010,8,,Large: < 360 degrees,N/A: 0cm,2,a5,surgical robotics,,,ScrewInsertion_JHU'10
,"FF,HS",,,,NONE,,,0,,0,0,0,360,0,0,DGroove,42,,Rotational,,,,,0,High,0,,Dgroove,,,One-handed,,https://volgadarinous.github.io/Carousel/site/index.html,,,,,0,Serial,derived,0,,1,Estimated,2,1,0,1,0,16,1,Low,Designing the haptic turntable for musical control,,Active,0,,,,-1,,Application tags-1,music,High,Research Prototype,,,High,,Medium,1,Fabricability,High,HAPTICS,,,,No,TBD,,2003,16,,Large: < 360 degrees,N/A: 0cm,2,b3,music,,,DGroove
,"FF,HS",,,,NONE,,,3,,131,131,0,0,0,0,Joystick_RutgersUniversity'03,45,,Translational,,,,,0,High,,,Joystick_RutgersUniversity'03,,,One-handed,,https://volgadarinous.github.io/Carousel/site/index.html,,,,,,Serial,derived,,,2,Estimated,2,0,0,0,2,24,1,Low,Electrorheological fluidic actuators for haptic vehicular instrument controls,,Active,10,,,,,,Application tags-1,automotive industry,High,Research Prototype,,,High,,Medium,1,Fabricability,High,HAPTICS,,,,No,TBD,,2003,24,,N/A: 0 degrees,Small: < 20cm,1,b4,automotive industry,,,Joystick_RutgersUniversity'03
,"FF,GP",,,,NONE,,,,,-5,0,0,360,210,,fiberopticintubator_MedStar'10,37,,"Translational, Rotational",,,,,0,High,,,fiberopticintubator_MedStar'10,,,One-handed,,https://volgadarinous.github.io/Carousel/site/index.html,,,,,,Other,derived,,,3,Reported,0,4,0,2,1,1,1,Low,Fiber-Optic Intubation Simulator with Force Feedback Ankur,,Active,35,,,,0,,Application tags-1,minimally invasive surgery,High,Research Prototype,,,High,,Medium,1,Fabricability,High,IEEE/ASME Transactions on Mechatronics,,,,No,TBD,,2010,1,,Large: < 360 degrees,Missing,3,b5,minimally invasive surgery,,,fiberopticintubator_MedStar'10
,"FF,HS",,,,NONE,,,-1,,-5,0,0,360,180,180,Endoscope_MannheimUniversity'03,46,,"Translational, Rotational",,,,,0,High,,,Endoscope_MannheimUniversity'03,,,One-handed,,https://volgadarinous.github.io/Carousel/site/index.html,,,,,,Wire,derived,,,4,Reported,0,1,0,3,1,40,1,Low,Implementation of a Haptic Interface for a Virtual Reality Simulator for Flexible Endoscopy,,Active,-1,,,,,,Application tags-1,surgery,High,Research Prototype,,,High,,Medium,1,Fabricability,High,HAPTICS,,,,No,TBD,,2003,40,,Large: < 360 degrees,N/A: 0cm,3,a6,surgery,,,Endoscope_MannheimUniversity'03
,HS,,,,NONE,,,,,-5,0,0,0,0,0,Treadmill_UUtah'03,44,,Translational,,,,,0,Low,15,,Treadmill_UUtah'03,,,Other,,https://volgadarinous.github.io/Carousel/site/index.html,,,,,120/-120,Wire,derived,,,1,,,,0,0,1,26,1,Low,Simulating side slopes on locomotion interfaces using torso forces,,Active,120,,,,,,Application tags-1,virtual reality,Low,Research Prototype,,,Low,,Low,1,Fabricability,Low,HAPTICS,,,,No,TBD,,2003,26,,N/A: 0 degrees,Missing,1,a2,virtual reality,,,Treadmill_UUtah'03
da Vinci surgical system,"FF,HS",,,,NONE,,,,,-5,-5,-5,360,360,360,daVinci_JHU'8,48,,"Translational, Rotational",,,,,0,Low,,,daVinci_JHU'8,,,Bimanual,,https://volgadarinous.github.io/Carousel/site/index.html,,,,,,Other,derived,,,6,Estimated,0,1,0,3,3,65,1,Low,Force-feedback surgical teleoperator: Controller design and palpation experiments,,Active,7,,,,,,Application tags-1,teleoperation,Low,Research Prototype,,,Low,,Medium,1,Fabricability,Low,HAPTICS,,,,No,TBD,,2008,65,,Large: < 360 degrees,Missing,3,a7,teleoperation,,,daVinci_JHU'8
,"FF,HS",,,,NONE,,,,,200,0,0,360,,,Colonoscope_EPFL'08,36,,"Translational, Rotational",,,,,0,Medium,,,Colonoscope_EPFL'08,,,One-handed,,https://volgadarinous.github.io/Carousel/site/index.html,,,,,,Other,derived,,,2,Reported,0,2,0,1,1,20,1,Low,A haptic interface with motor/brake system for colonoscopy simulation,,Active,25,,,,0.5,,Application tags-1,virtual reality,High,Research Prototype,,,High,,Medium,1,Portability,High,HAPTICS,,,,No,TBD,,2008,20,,Large: < 360 degrees,Large: > 60cm,3,a2,virtual reality,,,Colonoscope_EPFL'08
MR_CHIROD_v.2,"FF,HS",,,,NONE,,,,,0,0,0,216,0,0,VRHD_Northeastern'10,38,,"Rotational,Grasping",,,,,0,Medium,,, Variable Resistance Hand Device,,,One-handed,,https://volgadarinous.github.io/Carousel/site/index.html,,,,,350/3,Serial,derived,,,2,Estimated,5,1,1,1,0,16,1,Low,Haptic system for hand rehabilitation integrating an interactive game with an advanced robotic device,,Active,350,,,,55,,Application tags-7,None,Medium,Research Prototype,,,Medium,,Medium,1,Robustness,Med,HAPTICS,,,,No,TBD,,2010,16,,Medium: < 240 degrees,N/A: 0cm,5,a1,None,,,VRHD_Northeastern'10
Spherical Parallel Ball Support (SPBS),"FF,HS",,,,NONE,,,,,-5,0,0,360,360,360,SPBS_SFU'08,34,,"Translational, Rotational",,,,,0,Medium,,,SPBS_SFU'08,,,Finger,,https://volgadarinous.github.io/Carousel/site/index.html,,,,,,Parallel,derived,,,4,Estimated,8,4,0,3,1,16,1,Low,Analysis and experimentation of a 4-DOF haptic device,,Hybrid,,,,,,,Application tags-1,minimally invasive surgery,High,Research Prototype,,,Medium,,Medium,1,Portability,High,HAPTICS,,,,No,TBD,,2008,16,,Large: < 360 degrees,Missing,3,b5,minimally invasive surgery,,,SPBS_SFU'08
PHANToM Premium 1.5,"FF,HS",,,,NONE,,,,,200,267,191,335,297,260,The Flying Phantom,35,,Translational,,,,,0,High,,,The Flying Phantom,,,Finger,,https://volgadarinous.github.io/Carousel/site/index.html,,,,3500,,Hybrid,original,860 dpi / 0.03mm,,6,Estimated,6,6,0,3,3,11,1,Low,"High bandwidth, large workspace haptic interaction: Flying phantoms",,Active,85,,,,0.515,,Application tags-2,teleoperation,Medium,Research Prototype,,3500,High,,Medium,1,Robustness,Med,HAPTICS,,,,No,TBD,,2008,11,,Large: < 360 degrees,Large: > 60cm,1,a7,teleoperation,,,The Flying Phantom
,"FF,HS",,,,NONE,,,480,,70,20,10,55,30,25,VWM,43,https://drive.google.com/file/d/1hprzm5__Q0WKhP2wEHzt2Y3fGvVowTnk/view,"Translational, Rotational, Other",,,,,1,Low,,,"Virtual Walking Machine, Virtual Walking Master",,,Foot,,https://volgadarinous.github.io/Carousel/site/index.html,,,,,,Parallel,original,,,7,Estimated,15,1,1,3,3,16,1,Low,Design and analysis of a novel virtual walking machine,,Hybrid,,,,,,,Application tags-1,virtual reality,Medium,Research Prototype,,,Medium,,Medium,1,Fabricability,Low,HAPTICS,,,https://drive.google.com/file/d/1hprzm5__Q0WKhP2wEHzt2Y3fGvVowTnk/view,Yes,TBD,,2003,16,,Small: < 120 degrees,Large: > 60cm,4,a2,virtual reality,,,VWM
HI,"FF,HS",,,,NONE,,,-1,,30,30,30,90,45,0,HI,47,,"Translational, Rotational",,,,,0,Medium,,,Uniactuated Bimanual Haptic Interface,,,Bimanual,,https://volgadarinous.github.io/Carousel/site/index.html,,,,,,Hybrid,original,,,5,Missing,5,-1,0,2,3,12,1,Low,Design of a Uniactuated Bimanual Haptic Interface,,Active,-1,,,,-1,,Application tags-3,None,Medium,Research Prototype,,,Medium,,Medium,1,Robustness,Med,HAPTICS,,,,No,TBD,,2003,12,,Small: < 120 degrees,Medium: < 60cm,3,a1,None,,,HI